-- MySQL dump 10.13  Distrib 5.7.18, for Linux (x86_64)
--
-- Host: localhost    Database: selectcourseoa
-- ------------------------------------------------------
-- Server version	5.7.18-0ubuntu0.16.04.1

/*!40101 SET @OLD_CHARACTER_SET_CLIENT=@@CHARACTER_SET_CLIENT */;
/*!40101 SET @OLD_CHARACTER_SET_RESULTS=@@CHARACTER_SET_RESULTS */;
/*!40101 SET @OLD_COLLATION_CONNECTION=@@COLLATION_CONNECTION */;
/*!40101 SET NAMES utf8 */;
/*!40103 SET @OLD_TIME_ZONE=@@TIME_ZONE */;
/*!40103 SET TIME_ZONE='+00:00' */;
/*!40014 SET @OLD_UNIQUE_CHECKS=@@UNIQUE_CHECKS, UNIQUE_CHECKS=0 */;
/*!40014 SET @OLD_FOREIGN_KEY_CHECKS=@@FOREIGN_KEY_CHECKS, FOREIGN_KEY_CHECKS=0 */;
/*!40101 SET @OLD_SQL_MODE=@@SQL_MODE, SQL_MODE='NO_AUTO_VALUE_ON_ZERO' */;
/*!40111 SET @OLD_SQL_NOTES=@@SQL_NOTES, SQL_NOTES=0 */;

--
-- Table structure for table `t_classname`
--

DROP TABLE IF EXISTS `t_classname`;
/*!40101 SET @saved_cs_client     = @@character_set_client */;
/*!40101 SET character_set_client = utf8 */;
CREATE TABLE `t_classname` (
  `cid` int(11) NOT NULL,
  `cname` varchar(20) NOT NULL,
  `englishname` varchar(20) DEFAULT NULL,
  PRIMARY KEY (`cid`)
) ENGINE=InnoDB DEFAULT CHARSET=utf8;
/*!40101 SET character_set_client = @saved_cs_client */;

--
-- Dumping data for table `t_classname`
--

LOCK TABLES `t_classname` WRITE;
/*!40000 ALTER TABLE `t_classname` DISABLE KEYS */;
INSERT INTO `t_classname` VALUES (131011,'国际经济与贸易2013-1','Int\'l Economy& Trade'),(131012,'国际经济与贸易2013-2','Int\'l Economy& Trade'),(131013,'国际经济与贸易2013-3','Int\'l Economy& Trade'),(131014,'国际经济与贸易2013-4','Int\'l Economy& Trade'),(131041,'会计学2013-1',NULL),(131042,'会计学2013-2',NULL),(131043,'会计学2013-3',NULL),(131044,'会计学2013-4',NULL),(132011,'电气工程及其自动化2013-1','Electronical Enginee'),(132012,'电气工程及其自动化2013-2','Electronical Enginee'),(132013,'电气工程及其自动化2013-3','Electronical Enginee'),(132021,'信息管理与信息系统2013-1','IMIS2013-1'),(132022,'信息管理与信息系统2013-2','IMIS2013-2'),(132023,'信息管理与信息系统2013-3','IMIS2013-3'),(132031,'通信工程2013-1',NULL),(132032,'通信工程2013-2',NULL),(132041,'计算机科学与技术2013-1',NULL),(132042,'计算机科学与技术2013-2',NULL),(132043,'计算机科学与技术2013-3',NULL),(132044,'计算机科学与技术2013-4',NULL),(141011,'国际经济与贸易2014-1','Int\'l Economy& Trade'),(141012,'国际经济与贸易2014-2','Int\'l Economy& Trade'),(141013,'国际经济与贸易2014-3','Int\'l Economy& Trade'),(141031,'金融学2014-1','Finance 2014-1'),(141032,'金融学2014-2','Finance 2014-2'),(141033,'金融学2014-3','Finance 2014-3'),(141041,'会计学2014-1',NULL),(141042,'会计学2014-2',NULL),(141043,'会计学2014-3',NULL),(141044,'会计学2014-4',NULL),(141051,'中英教改2014','Pilot class 2014(UW)'),(141213,'国际经济与贸易214-3（专）',NULL),(142011,'电气工程及其自动化2014-1','Electronical Enginee'),(142012,'电气工程及其自动化2014-2','Electronical Enginee'),(142013,'电气工程及其自动化2014-3','Electronical Enginee'),(142021,'信息管理与信息系统2014-1','IMIS2014-1'),(142022,'信息管理与信息系统2014-2','IMIS2014-2'),(142031,'通信工程2014-1','CommunicationEnginee'),(142032,'通信工程2014-2','CommunicationEnginee'),(142033,'通信工程2014-3','CommunicationEnginee'),(142041,'计算机科学与技术2014-1',NULL),(142042,'计算机科学与技术2014-2',NULL),(142043,'计算机科学与技术2014-3',NULL),(151011,'国际经济与贸易2015-1','Int\'l Trade 2015-1'),(151012,'国际经济与贸易2015-2','Int\'l Trade 2015-2'),(151013,'国际经济与贸易2015-3','Int\'l Trade 2015-3'),(151031,'金融学2015-1','Finance 2015-1'),(151032,'金融学2015-2','Finance 2015-2'),(151033,'金融学2015-3','Finance 2015-3'),(151041,'会计学2015-1',NULL),(151042,'会计学2015-2',NULL),(151043,'会计学2015-3',NULL),(151044,'会计学2015-4',NULL),(151051,'中英教改2015','Pilot class 2015(UW)'),(152011,'电气工程及其自动化2015-1','Electrical Engineeri'),(152012,'电气工程及其自动化2015-2','Electrical Engineeri'),(152013,'电气工程及其自动化2015-3','Electrical Engineeri'),(152021,'信息管理与信息系统2015-1','IMIS 2015-1'),(152022,'信息管理与信息系统2015-2','IMIS 2015-2'),(152023,'信息管理与信息系统2015-3','IMIS 2015-3'),(152031,'通信工程2015-1','Communication Engine'),(152032,'通信工程2015-2','Communication Engine'),(152033,'通信工程2015-3','Communication Engine'),(152041,'计算机科学与技术2015-1',NULL),(152042,'计算机科学与技术2015-2',NULL),(152043,'计算机科学与技术2015-3',NULL),(152044,'计算机科学与技术2015-4',NULL),(152051,'中澳教改2015-1','Polit class 2015-1(U'),(152052,'中澳教改2015-2','Polit class 2015-2(U'),(161011,'国际经济与贸易2016-1','Int\'l Economy& Trade'),(161012,'国际经济与贸易2016-2','Int\'l Economy& Trade'),(161013,'国际经济与贸易2016-3','Int\'l Economy& Trade'),(161031,'金融学2016-1','Finance 2016-1'),(161032,'金融学2016-2','Finance 2016-2'),(161033,'金融学2016-3','Finance 2016-3'),(161034,'金融学2016-4','Finance 2016-4'),(161041,'会计学2016-1',NULL),(161042,'会计学2016-2',NULL),(161043,'会计学2016-3',NULL),(161044,'会计学2016-4',NULL),(162011,'电气工程及其自动化2016-1','Electrical Engineeri'),(162012,'电气工程及其自动化2016-2','Electrical Engineeri'),(162013,'电气工程及其自动化2016-3','Electrical Engineeri'),(162021,'信息管理与信息系统2016-1','IMIS 2016-1'),(162022,'信息管理与信息系统2016-2','IMIS 2016-2'),(162023,'信息管理与信息系统2016-3','IMIS 2016-3'),(162031,'通信工程2016-1','Communication Engine'),(162032,'通信工程2016-2','Communication Engine'),(162033,'通信工程2016-3','Communication Engine'),(162041,'计算机科学与技术2016-1',NULL),(162042,'计算机科学与技术2016-2',NULL),(162043,'计算机科学与技术2016-3',NULL),(162044,'计算机科学与技术2016-4',NULL);
/*!40000 ALTER TABLE `t_classname` ENABLE KEYS */;
UNLOCK TABLES;

--
-- Table structure for table `t_course`
--

DROP TABLE IF EXISTS `t_course`;
/*!40101 SET @saved_cs_client     = @@character_set_client */;
/*!40101 SET character_set_client = utf8 */;
CREATE TABLE `t_course` (
  `cid` int(11) NOT NULL AUTO_INCREMENT,
  `cno` varchar(20) NOT NULL,
  `cname` varchar(50) NOT NULL,
  `category` varchar(5) NOT NULL,
  `credits` int(11) NOT NULL,
  `time` varchar(2) DEFAULT NULL,
  `schooltime` varchar(20) DEFAULT NULL,
  `years` varchar(20) DEFAULT NULL,
  `maxcount` int(11) DEFAULT NULL,
  `examtime` int(11) DEFAULT NULL,
  `checkstate` int(11) DEFAULT NULL,
  `details` longtext,
  `teacherid` int(11) DEFAULT NULL,
  PRIMARY KEY (`cid`),
  UNIQUE KEY `cno_UNIQUE` (`cno`),
  KEY `FK_3ism06y82lrnpv5fqx683t4m3` (`teacherid`),
  CONSTRAINT `FK_3ism06y82lrnpv5fqx683t4m3` FOREIGN KEY (`teacherid`) REFERENCES `t_teacher` (`tid`)
) ENGINE=InnoDB AUTO_INCREMENT=12 DEFAULT CHARSET=utf8;
/*!40101 SET character_set_client = @saved_cs_client */;

--
-- Dumping data for table `t_course`
--

LOCK TABLES `t_course` WRITE;
/*!40000 ALTER TABLE `t_course` DISABLE KEYS */;
INSERT INTO `t_course` VALUES (1,'100001','音乐欣赏','公选',2,'36','1-8周7-8节;9-16周7-8节','2016-2017/2',120,0,1,'本门课程面向全校在校生，不限专业和年级，课程培养锻炼学生的音乐鉴赏能力，同时陶冶学生艺术方面的情操。',2535),(2,'100002','数学建模','公选',2,'48','9-16周7-8节','2016-2017/2',200,0,1,'本门课程锻炼学生的逻辑思维能力同提高学生的数学应用能力，抽象问题模型能力，面向全校二年级以上在校生，不限专业。',2400),(3,'100003','大学生职业生涯规划','公选',1,'36','1-16周7-8节','2016-2017/2',150,0,1,'规划大学生职业。',2535),(5,'12935819','心理学','公选',1,'36','9-16周7-8节','2016-2017/2',80,0,1,'本门课程讲授心理学基础知识，目的在于是学生对心理学建立一个基础的了解，拓宽同学们的知识面。',2535),(6,'34124780','ssh','公选',6,'48',NULL,'2016-2017/2',79,0,2,'ewfrewfewfewfew',2535),(7,'20844991','计算方法','公选',2,'48',NULL,'2016-2017/2',90,0,2,'计算方法研究算法计算方面知识',2400),(8,'36467532','女子防身术','公选',2,'48','1-16周7-8节','2016-2017/2',70,0,1,'防身',2535),(9,'24350920','测试','公选',2,'48',NULL,'2016-2017/2',56,0,2,'测试',2535),(10,'10954334','rrrr','公选',1,'36','1-16周7-8节','2016-2017/2',78,0,1,'dsdsds',2535),(11,'08097615','h','公选',4,'36','1-16周7-8节','2016-2017/2',50,18,1,'',2535);
/*!40000 ALTER TABLE `t_course` ENABLE KEYS */;
UNLOCK TABLES;

--
-- Table structure for table `t_courseclass`
--

DROP TABLE IF EXISTS `t_courseclass`;
/*!40101 SET @saved_cs_client     = @@character_set_client */;
/*!40101 SET character_set_client = utf8 */;
CREATE TABLE `t_courseclass` (
  `cid` int(11) NOT NULL,
  `classid` int(11) NOT NULL,
  PRIMARY KEY (`cid`,`classid`),
  KEY `FK_8idgahfu9uen4t6emmes3epqi` (`classid`),
  CONSTRAINT `FK_8idgahfu9uen4t6emmes3epqi` FOREIGN KEY (`classid`) REFERENCES `t_classname` (`cid`),
  CONSTRAINT `FK_qrkp99vowopm5ejsxajfv9avf` FOREIGN KEY (`cid`) REFERENCES `t_course` (`cid`)
) ENGINE=InnoDB DEFAULT CHARSET=utf8;
/*!40101 SET character_set_client = @saved_cs_client */;

--
-- Dumping data for table `t_courseclass`
--

LOCK TABLES `t_courseclass` WRITE;
/*!40000 ALTER TABLE `t_courseclass` DISABLE KEYS */;
INSERT INTO `t_courseclass` VALUES (5,141031),(6,141031),(7,141031),(8,141031),(9,141031),(10,141031),(5,141032),(6,141032),(7,141032),(8,141032),(9,141032),(10,141032),(5,141033),(6,141033),(7,141033),(8,141033),(9,141033),(10,141033),(5,141041),(6,141041),(7,141041),(8,141041),(9,141041),(10,141041),(5,141042),(6,141042),(7,141042),(8,141042),(9,141042),(10,141042),(5,141043),(6,141043),(7,141043),(8,141043),(9,141043),(10,141043),(5,141044),(6,141044),(7,141044),(8,141044),(9,141044),(10,141044),(5,142011),(6,142011),(7,142011),(8,142011),(9,142011),(10,142011),(5,142012),(6,142012),(7,142012),(8,142012),(9,142012),(10,142012),(5,142013),(6,142013),(7,142013),(8,142013),(9,142013),(10,142013),(5,142021),(6,142021),(7,142021),(8,142021),(9,142021),(10,142021),(2,142041),(3,142041),(5,142041),(6,142041),(7,142041),(8,142041),(9,142041),(10,142041),(11,142041),(2,142042),(3,142042),(5,142042),(6,142042),(7,142042),(8,142042),(9,142042),(10,142042),(11,142042),(2,142043),(3,142043),(5,142043),(6,142043),(7,142043),(8,142043),(9,142043),(10,142043),(11,142043),(2,151041),(2,151042),(2,151043),(2,151044),(1,152011),(1,152012),(1,152013);
/*!40000 ALTER TABLE `t_courseclass` ENABLE KEYS */;
UNLOCK TABLES;

--
-- Table structure for table `t_log`
--

DROP TABLE IF EXISTS `t_log`;
/*!40101 SET @saved_cs_client     = @@character_set_client */;
/*!40101 SET character_set_client = utf8 */;
CREATE TABLE `t_log` (
  `lid` int(11) NOT NULL AUTO_INCREMENT,
  `begintime` varchar(30) DEFAULT NULL,
  `endtime` varchar(30) DEFAULT NULL,
  `years` varchar(20) DEFAULT NULL,
  `remark` varchar(10) DEFAULT NULL,
  PRIMARY KEY (`lid`)
) ENGINE=InnoDB AUTO_INCREMENT=2 DEFAULT CHARSET=utf8;
/*!40101 SET character_set_client = @saved_cs_client */;

--
-- Dumping data for table `t_log`
--

LOCK TABLES `t_log` WRITE;
/*!40000 ALTER TABLE `t_log` DISABLE KEYS */;
INSERT INTO `t_log` VALUES (1,'2017-01-01 00:00:00','2018-01-01 00:00:00','2016-2017/2','1');
/*!40000 ALTER TABLE `t_log` ENABLE KEYS */;
UNLOCK TABLES;

--
-- Table structure for table `t_message`
--

DROP TABLE IF EXISTS `t_message`;
/*!40101 SET @saved_cs_client     = @@character_set_client */;
/*!40101 SET character_set_client = utf8 */;
CREATE TABLE `t_message` (
  `mid` int(11) NOT NULL AUTO_INCREMENT,
  `aimshow` varchar(20) NOT NULL,
  `head` varchar(50) NOT NULL,
  `content` longtext,
  `times` varchar(20) DEFAULT NULL,
  `teacherid` int(11) DEFAULT NULL,
  `flag` int(11) DEFAULT NULL,
  PRIMARY KEY (`mid`),
  KEY `FK_mvr6w20qu4guoev1adqwb8rnr` (`teacherid`),
  CONSTRAINT `FK_mvr6w20qu4guoev1adqwb8rnr` FOREIGN KEY (`teacherid`) REFERENCES `t_teacher` (`tid`)
) ENGINE=InnoDB AUTO_INCREMENT=6 DEFAULT CHARSET=utf8;
/*!40101 SET character_set_client = @saved_cs_client */;

--
-- Dumping data for table `t_message`
--

LOCK TABLES `t_message` WRITE;
/*!40000 ALTER TABLE `t_message` DISABLE KEYS */;
INSERT INTO `t_message` VALUES (1,'2535','课程审核未通过','驳回课程，开设可是太短','2017-07-05 22:19:43',1817,0),(2,'2400','课程审核未通过','驳回说明','2017-07-06 08:34:04',1817,0),(3,'201403204128','课程驳回','课程别任课老师驳回，详情请联系任课教师','2017-07-06 08:56:26',2535,0),(4,'201403204128','女子防身术课程驳回','课程别任课老师驳回，详情请联系任课教师','2017-07-07 10:18:29',2535,0),(5,'2535','课程审核未通过','ddcdcdcdggr','2017-07-07 10:22:10',1817,0);
/*!40000 ALTER TABLE `t_message` ENABLE KEYS */;
UNLOCK TABLES;

--
-- Table structure for table `t_select`
--

DROP TABLE IF EXISTS `t_select`;
/*!40101 SET @saved_cs_client     = @@character_set_client */;
/*!40101 SET character_set_client = utf8 */;
CREATE TABLE `t_select` (
  `sid` int(11) NOT NULL AUTO_INCREMENT,
  `studentid` varchar(255) DEFAULT NULL,
  `courseid` int(11) DEFAULT NULL,
  PRIMARY KEY (`sid`),
  KEY `FK_gcuqbg746xbd6sqhk051yibu9` (`studentid`),
  KEY `FK_lhjqc05laq7eq12ae4h6rbd4o` (`courseid`),
  CONSTRAINT `FK_gcuqbg746xbd6sqhk051yibu9` FOREIGN KEY (`studentid`) REFERENCES `t_student` (`sid`),
  CONSTRAINT `FK_lhjqc05laq7eq12ae4h6rbd4o` FOREIGN KEY (`courseid`) REFERENCES `t_course` (`cid`)
) ENGINE=InnoDB AUTO_INCREMENT=17 DEFAULT CHARSET=utf8;
/*!40101 SET character_set_client = @saved_cs_client */;

--
-- Dumping data for table `t_select`
--

LOCK TABLES `t_select` WRITE;
/*!40000 ALTER TABLE `t_select` DISABLE KEYS */;
INSERT INTO `t_select` VALUES (4,'201403204128',2),(6,'201403204128',5),(7,'201403204101',2),(8,'201403204101',5),(9,'201403204101',3),(10,'201403204102',5),(11,'201403204102',3),(12,'201403204128',3),(14,'201403204321',3),(15,'201403204321',5),(16,'201403204118',3);
/*!40000 ALTER TABLE `t_select` ENABLE KEYS */;
UNLOCK TABLES;

--
-- Table structure for table `t_student`
--

DROP TABLE IF EXISTS `t_student`;
/*!40101 SET @saved_cs_client     = @@character_set_client */;
/*!40101 SET character_set_client = utf8 */;
CREATE TABLE `t_student` (
  `sid` varchar(255) NOT NULL,
  `sname` varchar(10) NOT NULL,
  `englishname` varchar(20) DEFAULT NULL,
  `sex` varchar(5) DEFAULT NULL,
  `number` varchar(18) DEFAULT NULL,
  `colleages` varchar(10) NOT NULL,
  `classnameid` int(11) DEFAULT NULL,
  `note` varchar(255) DEFAULT NULL,
  `status` varchar(10) NOT NULL,
  `password` varchar(100) NOT NULL,
  PRIMARY KEY (`sid`),
  KEY `FK_jy4vvfynyt86mywkexbebyfo` (`classnameid`),
  CONSTRAINT `FK_jy4vvfynyt86mywkexbebyfo` FOREIGN KEY (`classnameid`) REFERENCES `t_classname` (`cid`)
) ENGINE=InnoDB DEFAULT CHARSET=utf8;
/*!40101 SET character_set_client = @saved_cs_client */;

--
-- Dumping data for table `t_student`
--

LOCK TABLES `t_student` WRITE;
/*!40000 ALTER TABLE `t_student` DISABLE KEYS */;
INSERT INTO `t_student` VALUES ('201401090834','张雪莹',NULL,'女','110108199511136843','财经系',141042,NULL,'在校','123'),('201403104101','毕扬帆',NULL,'女','371082199511249327','财经系',141041,NULL,'在校','123'),('201403104102','范雅慧',NULL,'女','370303199512300323','财经系',141041,NULL,'在校','123'),('201403104103','傅双燕',NULL,'女','370612199502063021','财经系',141041,NULL,'在校','123'),('201403104104','胡一琳',NULL,'女','371002199610141029','财经系',141041,NULL,'在校','123'),('201403104105','蒋如月',NULL,'女','370523199601150327','财经系',141041,NULL,'在校','123'),('201403104106','柯靖',NULL,'女','370611199607224040','财经系',141041,NULL,'在校','123'),('201403104107','李晨嘉',NULL,'女','370902199605242421','财经系',141041,NULL,'在校','123'),('201403104108','李侠',NULL,'男','370612199601302518','财经系',141041,NULL,'在校','123'),('201403104109','李怡然',NULL,'女','370303199604191726','财经系',141041,NULL,'在校','123'),('201403104110','梁丽',NULL,'女','370323199506193045','财经系',141041,NULL,'在校','123'),('201403104111','刘文昊',NULL,'男','370883199605130713','财经系',141041,NULL,'在校','123'),('201403104112','刘晓萌',NULL,'女','370481199510175025','财经系',141041,NULL,'在校','123'),('201403104113','罗茜',NULL,'女','370321199606101221','财经系',141041,NULL,'在校','123'),('201403104114','吕经纬',NULL,'女','370202199603133928','财经系',141041,NULL,'在校','123'),('201403104115','孟广勇',NULL,'男','37152119950204261X','财经系',141041,NULL,'在校','123'),('201403104116','邱洪剑',NULL,'男','370281199602190010','财经系',141041,NULL,'在校','123'),('201403104117','宋甜甜',NULL,'女','370181199410036144','财经系',141041,NULL,'在校','123'),('201403104118','宋雨豪',NULL,'男','371325199510310033','财经系',141041,NULL,'在校','123'),('201403104119','孙霞',NULL,'女','371081199511018223','财经系',141041,NULL,'在校','123'),('201403104120','孙艺源',NULL,'女','370321199608243928','财经系',141041,NULL,'在校','123'),('201403104121','孙毅',NULL,'女','370786199601016925','财经系',141041,NULL,'在校','123'),('201403104122','王瀚宇',NULL,'女','371082199511200021','财经系',141041,NULL,'在校','123'),('201403104123','魏铭泽',NULL,'女','370302199604270524','财经系',141041,NULL,'在校','123'),('201403104124','文华夏',NULL,'男','370102199508030319','财经系',141041,NULL,'在校','123'),('201403104125','邢子强',NULL,'男','370102199602072515','财经系',141041,NULL,'在校','123'),('201403104126','徐珂',NULL,'女','371102199603050087','财经系',141041,NULL,'在校','123'),('201403104127','于超',NULL,'男','370687199411161591','财经系',141041,NULL,'在校','123'),('201403104128','于园秋',NULL,'女','370521199606140029','财经系',141041,NULL,'在校','123'),('201403104129','袁鸣',NULL,'女','371329199606061524','财经系',141041,NULL,'在校','123'),('201403104130','张宝斐',NULL,'女','370685199604032240','财经系',141041,NULL,'在校','123'),('201403104131','张思路',NULL,'女','372925199509066321','财经系',141041,NULL,'在校','123'),('201403104132','郑一丹',NULL,'女','370303199601283529','财经系',141041,NULL,'在校','123'),('201403104133','朱静怡',NULL,'女','370802199602283329','财经系',141041,NULL,'在校','123'),('201403104201','程祺凯',NULL,'男','371326199601170036','财经系',141042,NULL,'在校','123'),('201403104202','慈蓓佳',NULL,'女','371523199601266283','财经系',141042,NULL,'在校','123'),('201403104203','段冉',NULL,'女','370826199409167423','财经系',141042,NULL,'在校','123'),('201403104204','付全豪',NULL,'男','37098219960526557X','财经系',141042,NULL,'在校','123'),('201403104205','何哲',NULL,'女','152202199505150020','财经系',141042,NULL,'在校','123'),('201403104206','解东',NULL,'女','371302199608252025','财经系',141042,NULL,'在校','123'),('201403104207','李文潇',NULL,'女','370983199505290547','财经系',141042,NULL,'在校','123'),('201403104208','李宗贤',NULL,'女','370322199611084944','财经系',141042,NULL,'在校','123'),('201403104209','刘柯欣',NULL,'女','370303199508077421','财经系',141042,NULL,'在校','123'),('201403104210','刘蕾蕾',NULL,'女','370703199602031528','财经系',141042,NULL,'在校','123'),('201403104211','刘璐',NULL,'女','370882199607010428','财经系',141042,NULL,'在校','123'),('201403104212','刘琪琪',NULL,'女','371322199512180026','财经系',141042,NULL,'在校','123'),('201403104213','刘维宝',NULL,'男','370704199601292415','财经系',141042,NULL,'在校','123'),('201403104214','刘新新',NULL,'女','371523199506240528','财经系',141042,NULL,'在校','123'),('201403104215','刘洋华',NULL,'女','370781199507193640','财经系',141042,NULL,'在校','123'),('201403104216','刘逸飞',NULL,'女','371424199611290069','财经系',141042,NULL,'在校','123'),('201403104217','苗丹',NULL,'女','372924199608240026','财经系',141042,NULL,'在校','123'),('201403104218','宁欣妍',NULL,'女','370103199601015048','财经系',141042,NULL,'在校','123'),('201403104219','史宇奇',NULL,'男','371083199502150532','财经系',141042,NULL,'在校','123'),('201403104220','宋天慧',NULL,'女','371324199708313524','财经系',141042,NULL,'在校','123'),('201403104221','孙樱捷',NULL,'女','370103199511268826','财经系',141042,NULL,'在校','123'),('201403104222','王垚翔',NULL,'男','370602199505301619','财经系',141042,NULL,'在校','123'),('201403104223','王艺铭',NULL,'女','371425199701130049','财经系',141042,NULL,'在校','123'),('201403104224','王艺哲',NULL,'女','370832199602020324','财经系',141042,NULL,'在校','123'),('201403104225','吴婷',NULL,'女','372925199512265946','财经系',141042,NULL,'在校','123'),('201403104226','杨传宇',NULL,'男','371322199609027933','财经系',141042,NULL,'在校','123'),('201403104227','姚春暖',NULL,'女','320721199509042824','财经系',141042,NULL,'在校','123'),('201403104228','姚小桐',NULL,'女','370102199601262923','财经系',141042,NULL,'在校','123'),('201403104229','张鑫',NULL,'男','37078319951205703X','财经系',141042,NULL,'在校','123'),('201403104230','张雅洁',NULL,'女','370321199510153326','财经系',141042,NULL,'在校','123'),('201403104231','赵悦欣',NULL,'女','371202199605090045','财经系',141042,NULL,'在校','123'),('201403104232','周笑宇',NULL,'女','371322199608240564','财经系',141042,NULL,'在校','123'),('201403104233','周泽彤',NULL,'女','370683199411256042','财经系',141042,NULL,'在校','123'),('201403104301','柏叶檀',NULL,'女','370811199609020026','财经系',141043,NULL,'在校','123'),('201403104302','范昕',NULL,'男','370403199410230251','财经系',141043,NULL,'在校','123'),('201403104303','冯延芝',NULL,'女','370786199510283921','财经系',141043,NULL,'在校','123'),('201403104304','高岩',NULL,'女','370829199603150026','财经系',141043,NULL,'在校','123'),('201403104305','侯楚怡',NULL,'女','371081199610149667','财经系',141043,NULL,'在校','123'),('201403104306','侯亚楠',NULL,'女','371122199603180047','财经系',141043,NULL,'在校','123'),('201403104307','黄梦雪',NULL,'女','372926199604058609','财经系',141043,NULL,'在校','123'),('201403104308','姜心轩',NULL,'男','370282199602173815','财经系',141043,NULL,'在校','123'),('201403104309','鞠镁婷',NULL,'女','370782199509202623','财经系',141043,NULL,'在校','123'),('201403104310','李清云',NULL,'女','372924199604193322','财经系',141043,NULL,'在校','123'),('201403104311','刘红叶',NULL,'女','371523199510250585','财经系',141043,NULL,'在校','123'),('201403104312','刘硕',NULL,'男','37132319950810633X','财经系',141043,NULL,'在校','123'),('201403104313','刘天巧',NULL,'女','532901199609153085','财经系',141043,NULL,'在校','123'),('201403104314','吕昱',NULL,'女','371202199510117727','财经系',141043,NULL,'在校','123'),('201403104315','马慧',NULL,'女','371311199602263141','财经系',141043,NULL,'在校','123'),('201403104316','牛富燕',NULL,'女','371323199509258140','财经系',141043,NULL,'在校','123'),('201403104317','曲越',NULL,'女','370123199601013849','财经系',141043,NULL,'在校','123'),('201403104319','孙雯雯',NULL,'女','370284199510260420','财经系',141043,NULL,'在校','123'),('201403104320','王利群',NULL,'女','371302199605192549','财经系',141043,NULL,'在校','123'),('201403104321','王梦雨',NULL,'女','370724199601296569','财经系',141043,NULL,'在校','123'),('201403104322','王亚平',NULL,'女','370703199512283027','财经系',141043,NULL,'在校','123'),('201403104323','王志鹏',NULL,'男','371102199511070013','财经系',141043,NULL,'在校','123'),('201403104324','邢晓芳',NULL,'女','370687199605120026','财经系',141043,NULL,'在校','123'),('201403104325','许璐',NULL,'女','37030219950630214X','财经系',141043,NULL,'在校','123'),('201403104326','于东青',NULL,'女','37082819950120404X','财经系',141043,NULL,'在校','123'),('201403104327','岳帅',NULL,'女','371326199512012845','财经系',141043,NULL,'在校','123'),('201403104328','张杰',NULL,'男','370911199511086030','财经系',141043,NULL,'在校','123'),('201403104329','张倩',NULL,'女','371202199511071847','财经系',141043,NULL,'在校','123'),('201403104330','张晓凤',NULL,'女','371327199612296028','财经系',141043,NULL,'在校','123'),('201403104331','张宇',NULL,'男','37068119950716721X','财经系',141043,NULL,'在校','123'),('201403104332','陈聪',NULL,'男','370883199608067457','财经系',141043,NULL,'在校','123'),('201403104401','杜琴',NULL,'女','371324199511167746','财经系',141044,NULL,'在校','123'),('201403104402','范文倩',NULL,'女','370686199407160426','财经系',141044,NULL,'在校','123'),('201403104403','高健',NULL,'男','370782199405250217','财经系',141044,NULL,'在校','123'),('201403104404','韩淑洺',NULL,'女','371102199608057827','财经系',141044,NULL,'在校','123'),('201403104405','韩馨培',NULL,'女','37010319951027452X','财经系',141044,NULL,'在校','123'),('201403104406','韩欣蓉',NULL,'女','370211199609051022','财经系',141044,NULL,'在校','123'),('201403104407','李浩',NULL,'女','371082199508281641','财经系',141044,NULL,'在校','123'),('201403104408','李钰妍',NULL,'女','370686199512190782','财经系',141044,NULL,'在校','123'),('201403104409','梁延圣',NULL,'男','370921199704230038','财经系',141044,NULL,'在校','123'),('201403104410','刘超颖',NULL,'女','371302199612240422','财经系',141044,NULL,'在校','123'),('201403104411','刘欢',NULL,'女','370687199602163426','财经系',141044,NULL,'在校','123'),('201403104412','刘晓杰',NULL,'女','370783199502223786','财经系',141044,NULL,'在校','123'),('201403104413','刘奕彤',NULL,'女','371102199511294164','财经系',141044,NULL,'在校','123'),('201403104414','孟筱',NULL,'女','372923199707022642','财经系',141044,NULL,'在校','123'),('201403104415','泥飞',NULL,'男','370302199411226316','财经系',141044,NULL,'在校','123'),('201403104416','齐媛媛',NULL,'女','370602199409170444','财经系',141044,NULL,'在校','123'),('201403104417','乔守荣',NULL,'女','371312199405167122','财经系',141044,NULL,'在校','123'),('201403104418','宋子威',NULL,'男','370213199602235219','财经系',141044,NULL,'在校','123'),('201403104419','苏锘冰',NULL,'女','372925199609130060','财经系',141044,NULL,'在校','123'),('201403104420','孙哲',NULL,'女','37088319960315042X','财经系',141044,NULL,'在校','123'),('201403104421','王浩丞',NULL,'男','370105199511105931','财经系',141044,NULL,'在校','123'),('201403104422','王珂',NULL,'女','370282199607070022','财经系',141044,NULL,'在校','123'),('201403104423','王娜娜',NULL,'女','372301199508035722','财经系',141044,NULL,'在校','123'),('201403104424','王玉彬',NULL,'男','371522199409226517','财经系',141044,NULL,'在校','123'),('201403104425','王园园',NULL,'女','372923199502030067','财经系',141044,NULL,'在校','123'),('201403104426','徐博文',NULL,'男','370306199508184314','财经系',141044,NULL,'在校','123'),('201403104427','徐洪霞',NULL,'女','370123199507221721','财经系',141044,NULL,'在校','123'),('201403104428','张佳敏',NULL,'女','370832199607190621','财经系',141044,NULL,'在校','123'),('201403104429','张依凡',NULL,'女','370502199512050023','财经系',141044,NULL,'在校','123'),('201403104430','赵嘉慧',NULL,'女','370523199512202025','财经系',141044,NULL,'在校','123'),('201403104431','赵晓燕',NULL,'女','370983199502180043','财经系',141044,NULL,'在校','123'),('201403104432','赵元浩',NULL,'男','370285199507270034','财经系',141044,NULL,'在校','123'),('201403204101','曹萌',NULL,'女','37292819960127072X','电气信息系',142041,NULL,'在校','123'),('201403204102','陈旭',NULL,'男','370982199512143370','电气信息系',142041,NULL,'在校','123'),('201403204103','丁尉',NULL,'男','370481199704060314','电气信息系',142041,NULL,'在校','123'),('201403204104','丁相杰',NULL,'男','370284199607161218','电气信息系',142041,NULL,'在校','123'),('201403204105','范睿',NULL,'男','370982199612053874','电气信息系',142041,NULL,'在校','123'),('201403204107','苟志伟',NULL,'男','372323199505100339','电气信息系',142041,NULL,'在校','123'),('201403204108','郭嗣彧',NULL,'男','372901199509140818','电气信息系',142041,NULL,'在校','123'),('201403204109','孔德文',NULL,'女','370403199511166121','电气信息系',142041,NULL,'在校','123'),('201403204110','李柯南',NULL,'男','370285199607230013','电气信息系',142041,NULL,'在校','123'),('201403204111','刘德鑫',NULL,'男','370481199609081213','电气信息系',142041,NULL,'在校','123'),('201403204112','刘涛霆',NULL,'男','370782199509040230','电气信息系',142041,NULL,'在校','123'),('201403204113','刘泽',NULL,'男','370304199606056815','电气信息系',142041,NULL,'在校','123'),('201403204114','马颖',NULL,'女','370181199503307521','电气信息系',142041,NULL,'在校','123'),('201403204115','孟晋',NULL,'男','370181199505174419','电气信息系',142041,NULL,'在校','123'),('201403204116','田国良',NULL,'男','371102199702114111','电气信息系',142041,NULL,'在校','123'),('201403204117','王安吉',NULL,'女','220283199608150343','电气信息系',142041,NULL,'在校','123'),('201403204118','王统',NULL,'男','372922199407080019','电气信息系',142041,NULL,'在校','123'),('201403204119','王晓林',NULL,'男','371482199511212614','电气信息系',142041,NULL,'在校','123'),('201403204120','吴月琦',NULL,'女','370883199510280743','电气信息系',142041,NULL,'在校','123'),('201403204121','谢聪敏',NULL,'男','370304199501085118','电气信息系',142041,NULL,'在校','123'),('201403204122','薛建生',NULL,'男','370211199511011030','电气信息系',152041,NULL,'在校','123'),('201403204123','杨启凯',NULL,'男','370725199511092171','电气信息系',142041,NULL,'在校','123'),('201403204124','杨鑫',NULL,'女','370684199505244428','电气信息系',142041,NULL,'在校','123'),('201403204125','伊磊',NULL,'男','37032119950912005X','电气信息系',142041,NULL,'在校','123'),('201403204126','张琰',NULL,'女','370125199605162721','电气信息系',142041,NULL,'在校','123'),('201403204127','赵聪',NULL,'女','371312199504066220','电气信息系',142041,NULL,'在校','123'),('201403204128','赵迁','ZHAO QIAN','男','370405199411141317','电气信息系',142041,'','在校','123456'),('201403204129','郑威',NULL,'男','372922199711096170','电气信息系',142041,NULL,'在校','123'),('201403204130','宗帅',NULL,'男','370282199510134851','电气信息系',142041,NULL,'在校','123'),('201403204301','陈远见',NULL,'男','370402199510244814','电气信息系',142043,NULL,'在校','123'),('201403204302','崔风波',NULL,'男','370284199305083912','电气信息系',142043,NULL,'在校','123'),('201403204303','董传涛',NULL,'男','371122199508053111','电气信息系',142043,NULL,'在校','123'),('201403204304','董彦君',NULL,'男','370682199512075017','电气信息系',142043,NULL,'在校','123'),('201403204305','冯瑾钰',NULL,'女','370781199511283120','电气信息系',142043,NULL,'在校','123'),('201403204306','高强',NULL,'男','371122199607220018','电气信息系',142043,NULL,'在校','123'),('201403204307','侯洪斌',NULL,'男','372324199601142412','电气信息系',142043,NULL,'在校','123'),('201403204308','纪豪',NULL,'男','371202199507071510','电气信息系',142043,NULL,'在校','123'),('201403204309','蒋晨',NULL,'女','370103199511134027','电气信息系',142043,NULL,'在校','123'),('201403204311','李杰',NULL,'男','320324199606131877','电气信息系',142043,NULL,'在校','123'),('201403204312','李元钊',NULL,'男','371524199606265219','电气信息系',142043,NULL,'在校','123'),('201403204313','刘袖竹',NULL,'女','371082199601270728','电气信息系',142043,NULL,'在校','123'),('201403204314','刘彦君',NULL,'女','370112199507248028','电气信息系',142043,NULL,'在校','123'),('201403204315','刘岳',NULL,'男','370786199410100016','电气信息系',152043,NULL,'在校','123'),('201403204316','刘泽',NULL,'男','370303199510291312','电气信息系',142043,NULL,'在校','123'),('201403204317','马岑岑',NULL,'女','371424199701175128','电气信息系',142043,NULL,'在校','123'),('201403204318','隋钧亦',NULL,'男','370682199604164711','电气信息系',142043,NULL,'在校','123'),('201403204319','孙琛',NULL,'男','370282199512275316','电气信息系',142043,NULL,'在校','123'),('201403204320','孙琳',NULL,'女','370402199505181943','电气信息系',142043,NULL,'在校','123'),('201403204321','陶燕云',NULL,'女','371481199510292425','电气信息系',142043,NULL,'在校','123'),('201403204322','王恩盛',NULL,'男','370781199510202616','电气信息系',142043,NULL,'在校','123'),('201403204323','王芳芳',NULL,'女','372923199401182926','电气信息系',142043,NULL,'在校','123'),('201403204324','王韶涵',NULL,'女','370406199406082822','电气信息系',142043,NULL,'在校','123'),('201403204325','徐金',NULL,'男','371502199702176015','电气信息系',142043,NULL,'在校','123'),('201403204326','徐鹏飞',NULL,'男','372928199507056014','电气信息系',142043,NULL,'在校','123'),('201403204327','杨吴佳',NULL,'男','370982199603103614','电气信息系',142043,NULL,'在校','123'),('201403204328','易春凯',NULL,'男','370704199502211034','电气信息系',142043,NULL,'在校','123'),('201403204329','于雯靖',NULL,'女','371402199509213026','电气信息系',142043,NULL,'在校','123'),('201403204330','张承栋',NULL,'男','370304199511105813','电气信息系',142043,NULL,'在校','123'),('201403204331','张浩',NULL,'男','370883199611210453','电气信息系',142043,NULL,'在校','123'),('201403204332','张洪武',NULL,'男','370783199502023311','电气信息系',142043,NULL,'在校','123'),('201403204333','张朋',NULL,'男','372922199504207376','电气信息系',142043,NULL,'在校','123'),('201403204334','张涛',NULL,'男',NULL,'电气信息系',152043,NULL,'退学','123'),('201403204335','张翔宇',NULL,'男','372928199403263916','电气信息系',142043,NULL,'在校','123'),('666666','admin','victor','男','','电气信息系',132043,'','在校','');
/*!40000 ALTER TABLE `t_student` ENABLE KEYS */;
UNLOCK TABLES;

--
-- Table structure for table `t_teacher`
--

DROP TABLE IF EXISTS `t_teacher`;
/*!40101 SET @saved_cs_client     = @@character_set_client */;
/*!40101 SET character_set_client = utf8 */;
CREATE TABLE `t_teacher` (
  `tid` int(11) NOT NULL,
  `tname` varchar(20) NOT NULL,
  `position` varchar(50) DEFAULT NULL,
  `title` varchar(10) DEFAULT NULL,
  `dept` varchar(10) DEFAULT NULL,
  `password` varchar(100) NOT NULL,
  `rank` int(11) NOT NULL DEFAULT '2',
  PRIMARY KEY (`tid`)
) ENGINE=InnoDB DEFAULT CHARSET=utf8;
/*!40101 SET character_set_client = @saved_cs_client */;

--
-- Dumping data for table `t_teacher`
--

LOCK TABLES `t_teacher` WRITE;
/*!40000 ALTER TABLE `t_teacher` DISABLE KEYS */;
INSERT INTO `t_teacher` VALUES (199,'卢玉华','电工电子技术教研室','教授','电气信息系','123',2),(394,'方亨福',NULL,NULL,NULL,'123',2),(423,'赵忠玲','专业基础教研室','副教授','财经系','123',2),(1023,'admin','团总支','讲师','电气信息系','',2),(1096,'鞠圣会','数学教研室','讲师','公共课部','123',2),(1240,'赵鲁平','英语教研室','教授','公共课部','123',2),(1273,'张莉','英语教研室','副教授','公共课部','123',2),(1277,'王兆立','主任','教授','公共课部','123',2),(1351,'田为厚','专业基础教研室','教授','财经系','123',2),(1445,'丛爱红','会计教研室','副教授','财经系','123',2),(1626,'胡宝征','副书记','讲师','财经系','123',2),(1641,'韩冰',NULL,'讲师','6.0','123',2),(1817,'刘国栋','主任','讲师','3.0','123456',0),(1838,'李莹','英语教研室','讲师','公共课部','123',2),(1854,'陈言',NULL,'讲师','10.0','123',2),(2131,'冯娅楠','合作办学科','讲师','11.0','123',2),(2185,'朱海涛','会计教研室','讲师','财经系','123',2),(2209,'张永风','主席','讲师','5.0','123',2),(2238,'陈新','组织员','讲师','1.0','123',2),(2240,'毛庆东','处长','讲师','4.0','123',2),(2241,'赵长青','团委书记','讲师','6.0','123',2),(2243,'陈萌',NULL,'讲师','9.0','123',2),(2259,'王营章','校区管委常务副主任','副教授','2.0','123',2),(2261,'孙正凤','副主任','讲师','公共课部','123',2),(2265,'刘虎','书记','讲师','8.0','123',2),(2271,'刘春林','计算机软件技术教研室','讲师','电气信息系','123',2),(2273,'董俊峰','人力资源部','讲师','2.0','123',2),(2281,'吴峻青','主任','副教授','11.0','123',2),(2291,'孙梅','信息咨询部',NULL,'7.0','123',2),(2294,'郭菊松','电子、期刊阅览室',NULL,'7.0','123',2),(2307,'宋伯涛','党总支书记','副教授','财经系','123',2),(2350,'杜兆文','电气技术教研室','副教授','电气信息系','123',2),(2356,'朱其刚','通信工程教研室','副教授','电气信息系','123',2),(2365,'刘明','副主任','副教授','电气信息系','123',2),(2370,'王霞','电工电子技术教研室','副教授','电气信息系','123',2),(2381,'杨卫平','计算机软件技术教研室','教授','电气信息系','123',2),(2382,'朱志强','主任','教授','电气信息系','123',2),(2387,'樊铭渠','校区管委副主任','教授','2.0','123',2),(2388,'王晓明','电工电子技术教研室','副教授','电气信息系','123',2),(2390,'吕英俊','电工电子技术教研室','副教授','电气信息系','123',2),(2394,'任丙忠','通信工程教研室','讲师','电气信息系','123',2),(2396,'郭俊强','通信工程教研室','副教授','电气信息系','123',2),(2398,'吴春艳','专业基础教研室',NULL,'财经系','123',2),(2400,'尹燕芳','计算机软件技术教研室','教授','电气信息系','tnf2lnwk',2),(2406,'李晓梅','电气技术教研室','副教授','电气信息系','123',2),(2408,'姚福强','电气技术教研室','副教授','电气信息系','123',2),(2410,'高永军','校区党委常务副书记','副教授','1.0','123',2),(2440,'蒋衔武','专业基础教研室','教授','财经系','123',2),(2444,'接民','会计教研室','副教授','财经系','123',2),(2453,'刘忠诚','副主任','副教授','财经系','123',2),(2458,'麻兴斌','专业基础教研室','副教授','财经系','123',2),(2459,'于萍','商贸教研室','副教授','财经系','123',2),(2494,'高国成','数学教研室','教授','公共课部','123',2),(2497,'张来亮','数学教研室','教授','公共课部','123',2),(2498,'左守志','社科教研室','副教授','公共课部','123',2),(2504,'孙学军','物理教研室',NULL,'公共课部','123',2),(2507,'干耀国','物理教研室','副教授','公共课部','123',2),(2508,'金荧荧','物理教研室',NULL,'公共课部','123',2),(2509,'庞常青','英语教研室','副教授','公共课部','123',2),(2510,'肖殿峰','英语教研室','讲师','公共课部','123',2),(2512,'于蕾','英语教研室','副教授','公共课部','123',2),(2513,'谭爱军','英语教研室','讲师','公共课部','123',2),(2516,'王汉平','英语教研室','副教授','公共课部','123',2),(2519,'朱恒华','英语教研室','讲师','公共课部','123',2),(2521,'刘晓妍','数学教研室','副教授','公共课部','123',2),(2522,'王娟','英语教研室','讲师','公共课部','123',2),(2524,'郐红芳','英语教研室','讲师','公共课部','123',2),(2525,'曹晓青','英语教研室','讲师','公共课部','123',2),(2527,'韩衍杰','体育教研室','副教授','公共课部','123',2),(2529,'张莉','体育教研室','教授','公共课部','123',2),(2530,'宗继军','体育教研室','副教授','公共课部','123',2),(2531,'段长波','体育教研室','教授','公共课部','123',2),(2532,'刘珂青','体育教研室','副教授','公共课部','123',2),(2533,'蔡磊','体育教研室','副教授','公共课部','123',2),(2534,'黄风萍','体育教研室','讲师','公共课部','123',2),(2535,'赵洪挺','社科教研室','副教授','公共课部','123456',2),(2536,'李培亮','社科教研室','副教授','公共课部','123',2),(2537,'宋韶梅','社科教研室','副教授','公共课部','123',2),(2539,'张玉玲','社科教研室','教授','公共课部','123',2),(2541,'李桂兰','社科教研室','讲师','公共课部','123',2),(2542,'王绪成','社科教研室','副教授','公共课部','123',2),(2543,'刘宝春','社科教研室','副教授','公共课部','123',2),(2544,'刘绍庆','数学教研室','讲师','公共课部','123',2),(2546,'贺建芹','社科教研室','副教授','公共课部','123',2),(2556,'曹秀娟','数学教研室','副教授','公共课部','123',2),(2595,'李文宏','电工电子技术教研室','副教授','电气信息系','123',2),(2599,'刘原','英语教研室','讲师','公共课部','123',2),(2600,'原卫国','英语教研室','讲师','公共课部','123',2),(2601,'乔修娟','英语教研室','讲师','公共课部','123',2),(2808,'张佳','会计教研室','副教授','财经系','123',2),(2913,'王言英','数学教研室','讲师','公共课部','123',2),(2933,'周亚玲','团总支','讲师','电气信息系','123456',1),(3166,'黄瑶','科研科','讲师','3.0','123',2),(3404,'王彩霞',NULL,'讲师','5.0','123',2),(3474,'孔宁宁','专业基础教研室','讲师','财经系','123',2),(3623,'毛文杰','通信工程教研室','讲师','电气信息系','123',2),(3625,'范明芳','教学科','讲师','3.0','123',2),(3630,'袁清文','商贸教研室','讲师','财经系','123',2),(3770,'董子刚','团总支书记','讲师','电气信息系','123',1),(3772,'吕濯缨','数学教研室','讲师','公共课部','123',2),(3773,'王雪梅','数学教研室','讲师','公共课部','123',2),(3879,'宋秀超','会计教研室','讲师','财经系','123',2),(3880,'袁玉磊','团总支书记','讲师','财经系','123',2),(3883,'孔莹莹','电工电子技术教研室','讲师','电气信息系','123',2),(3884,'蒲海涛','电气技术教研室','副教授','电气信息系','123',2),(3921,'吕强','专业基础教研室','副教授','财经系','123',2),(3922,'牛君','电工电子技术教研室','讲师','电气信息系','123',2),(3955,'张恒','通信工程教研室','讲师','电气信息系','123',2),(3969,'马翔宇','信息咨询部',NULL,'7.0','123',2),(3976,'杨鹏','外教管理科','讲师','11.0','123',2),(4032,'段治平','主任','教授','财经系','123',2),(4075,'刘立娟','商贸教研室','讲师','财经系','123',2),(4076,'申稳稳','会计教研室','讲师','财经系','123',2),(4077,'王旻','会计教研室','讲师','财经系','123',2),(4078,'王景波','专业基础教研室','讲师','财经系','123',2),(4079,'孙磊','金融教研室','讲师','财经系','123',2),(4081,'李敬银','党政办公室','讲师','8.0','123',2),(4082,'周在霞','会计教研室','讲师','财经系','123',2),(4083,'赵佳颖','商贸教研室','讲师','财经系','123',2),(4084,'汤巍','金融教研室','副教授','财经系','123',2),(4085,'常晋','金融教研室','讲师','财经系','123',2),(4086,'夏保芹','计算机软件技术教研室','讲师','电气信息系','123',2),(4087,'李滢潞','电工电子技术教研室','讲师','电气信息系','123',2),(4088,'任国强','计算机软件技术教研室','讲师','电气信息系','123',2),(4089,'连剑','通信工程教研室','讲师','电气信息系','123',2),(4091,'马国超','就业指导中心','讲师','4.0','123',2),(4204,'李成江','计算机软件技术教研室','讲师','电气信息系','123',2),(4234,'李敏花','通信工程教研室','副教授','电气信息系','123',2),(4256,'柏猛','电气技术教研室','副教授','电气信息系','123',2),(4267,'孙亮','计算机软件技术教研室','讲师','电气信息系','123',2),(4291,'鲍万杰','宿舍管理中心',NULL,'4.0','123',2),(4293,'齐斯文','团总支','讲师','财经系','123',2),(4294,'张山','电工电子技术教研室','讲师','电气信息系','123',2),(4296,'李红雨','金融教研室','讲师','财经系','123',2),(4297,'姚娜','商贸教研室','讲师','财经系','123',2),(4324,'徐小平','计算机软件技术教研室','副教授','电气信息系','123',2),(4326,'王峰','教务科','助教','3.0','123',2),(4346,'张洪宾','团总支','助教','电气信息系','123',1),(4402,'杨金梁','通信工程教研室','讲师','电气信息系','123',2),(4425,'马兰英','专业基础教研室',NULL,'财经系','123',2),(4495,'于玉','商贸教研室','讲师','财经系','123',2),(4505,'陈帅','金融教研室','助教','财经系','123',2),(4509,'张国栋','电气技术教研室','讲师','电气信息系','123',2),(4556,'牛晓东','金融教研室','讲师','财经系','123',2),(4568,'陈芳州','团总支',NULL,'电气信息系','123',1),(5534,'程丽丽','商贸教研室','讲师','财经系','123',2),(5536,'王小杰','团总支','讲师','财经系','123',2),(5540,'刘方红','数学教研室','无','公共课部','123',2),(5561,'张绍琦','团总支',NULL,'财经系','123',2),(5576,'张帅帅',NULL,NULL,'电气信息系','123',2),(12341,'AC',NULL,NULL,NULL,'123',2),(12342,'JetHolloway',NULL,NULL,NULL,'123',2),(12343,'DrNickShuley',NULL,NULL,NULL,'123',2),(12344,'BerndBrinkman',NULL,NULL,NULL,'123',2),(12345,'Fahad',NULL,NULL,NULL,'123',2),(12346,'Paul',NULL,NULL,NULL,'123',2),(12347,'Emily',NULL,NULL,NULL,'123',2),(12348,'KevinAntonovic',NULL,NULL,NULL,'123',2),(12349,'Tanis',NULL,NULL,NULL,'123',2),(123410,'KevinLong',NULL,NULL,NULL,'123',2),(123411,'DavidManzler',NULL,NULL,NULL,'123',2),(123412,'PeterYoo',NULL,NULL,NULL,'123',2),(123413,'GregGimba',NULL,NULL,NULL,'123',2),(123414,'ADD',NULL,NULL,NULL,'123',2),(123415,'ADA',NULL,NULL,NULL,'123',2),(123416,'杨积光',NULL,NULL,NULL,'123',2),(123417,'胡婷婷',NULL,NULL,NULL,'123',2),(123418,'侯满丽',NULL,NULL,NULL,'123',2),(123419,'王宁',NULL,NULL,NULL,'123',2),(123420,'季树安',NULL,NULL,NULL,'123',2),(123421,'刘宝刚',NULL,NULL,NULL,'123',2),(123422,'张起龙','中兴企业',NULL,NULL,'123',2),(123423,'赵岩',NULL,NULL,NULL,'123',2),(123424,'毛慧昕','中兴企业',NULL,NULL,'123',2),(123425,'刘昱均',NULL,NULL,NULL,'123',2),(123426,'董文翠',NULL,NULL,NULL,'123',2),(123427,'韩小东','中兴企业',NULL,NULL,'123',2),(123428,'赵媛媛',NULL,NULL,NULL,'123',2),(123429,'公雪梅','金融教研室',NULL,NULL,'123',2),(123430,'澳教','澳教',NULL,NULL,'123',2),(123431,'网融','网融企业',NULL,NULL,'123',2),(123432,'AlanBlack',NULL,NULL,NULL,'123',2),(123433,'AnuGokhale',NULL,NULL,NULL,'123',2),(123434,'CorinneRichard',NULL,NULL,NULL,'123',2),(123435,'PeterDoe',NULL,NULL,NULL,'123',2),(123436,'SarahLyden',NULL,NULL,NULL,'123',2),(123437,'JodieFearon',NULL,NULL,NULL,'123',2),(123438,'Kathleen',NULL,NULL,NULL,'123',2),(123439,'MB',NULL,NULL,NULL,'123',2),(123440,'MilesMazengarb',NULL,NULL,NULL,'123',2),(123441,'NataliePalley',NULL,NULL,NULL,'123',2),(123442,'SaadAli',NULL,NULL,NULL,'123',2),(123443,'SusanKelly',NULL,NULL,NULL,'123',2),(123444,'Thais',NULL,NULL,NULL,'123',2),(123445,'Wasko',NULL,NULL,NULL,'123',2),(123446,'WillemOlding',NULL,NULL,NULL,'123',2),(123447,'ChangTao',NULL,NULL,NULL,'123',2),(123448,'ChangTao',NULL,NULL,NULL,'123',2),(123449,'QuentinDombro',NULL,NULL,NULL,'123',2),(123501,'体育教研室','体育教研室',NULL,NULL,'123',2),(123502,'物理实验室','物理实验室',NULL,NULL,'123',2),(123503,'商贸教研室','商贸教研室',NULL,NULL,'123',2),(123504,'会计教研室','会计教研室',NULL,NULL,'123',2),(123505,'金融教研室','金融教研室',NULL,NULL,'123',2);
/*!40000 ALTER TABLE `t_teacher` ENABLE KEYS */;
UNLOCK TABLES;

--
-- Table structure for table `t_teachingplan`
--

DROP TABLE IF EXISTS `t_teachingplan`;
/*!40101 SET @saved_cs_client     = @@character_set_client */;
/*!40101 SET character_set_client = utf8 */;
CREATE TABLE `t_teachingplan` (
  `tid` int(11) NOT NULL AUTO_INCREMENT,
  `classnameid` int(11) DEFAULT NULL,
  `years` varchar(20) NOT NULL,
  `requiredscore` int(11) NOT NULL,
  `electivescore` int(11) NOT NULL,
  `publicelectivescore` int(11) NOT NULL,
  PRIMARY KEY (`tid`),
  KEY `FK_t13c1qjuaddemf9okp7p9nc2i` (`classnameid`),
  CONSTRAINT `FK_t13c1qjuaddemf9okp7p9nc2i` FOREIGN KEY (`classnameid`) REFERENCES `t_classname` (`cid`)
) ENGINE=InnoDB AUTO_INCREMENT=2 DEFAULT CHARSET=utf8;
/*!40101 SET character_set_client = @saved_cs_client */;

--
-- Dumping data for table `t_teachingplan`
--

LOCK TABLES `t_teachingplan` WRITE;
/*!40000 ALTER TABLE `t_teachingplan` DISABLE KEYS */;
INSERT INTO `t_teachingplan` VALUES (1,142041,'2016-2017/2',24,6,4);
/*!40000 ALTER TABLE `t_teachingplan` ENABLE KEYS */;
UNLOCK TABLES;
/*!40103 SET TIME_ZONE=@OLD_TIME_ZONE */;

/*!40101 SET SQL_MODE=@OLD_SQL_MODE */;
/*!40014 SET FOREIGN_KEY_CHECKS=@OLD_FOREIGN_KEY_CHECKS */;
/*!40014 SET UNIQUE_CHECKS=@OLD_UNIQUE_CHECKS */;
/*!40101 SET CHARACTER_SET_CLIENT=@OLD_CHARACTER_SET_CLIENT */;
/*!40101 SET CHARACTER_SET_RESULTS=@OLD_CHARACTER_SET_RESULTS */;
/*!40101 SET COLLATION_CONNECTION=@OLD_COLLATION_CONNECTION */;
/*!40111 SET SQL_NOTES=@OLD_SQL_NOTES */;

-- Dump completed on 2017-07-09 15:13:27
